Top pages,Clicks,Impressions,CTR,Position
https://canitakethis.co/medication/into/peru/,14,267,5.24%,9.19
https://canitakethis.co/food/mauritius/,9,481,1.87%,7.3
https://canitakethis.co/medication/into/dominican-republic/,9,402,2.24%,8.96
https://canitakethis.co/food/norway/,8,989,0.81%,9.9
https://canitakethis.co/food/colombia/,8,231,3.46%,7.26
https://canitakethis.co/country/qatar/plants-seeds/,8,148,5.41%,5.02
https://canitakethis.co/airline/pegasus/power-bank/,7,265,2.64%,6.68
https://canitakethis.co/country/indonesia/plants-seeds/,7,249,2.81%,5.64
https://canitakethis.co/medication/into/croatia/,7,202,3.47%,10.86
https://canitakethis.co/medication/into/bulgaria/,7,188,3.72%,8.72
https://canitakethis.co/medication/ritalin/fiji/,7,105,6.67%,7.21
https://canitakethis.co/food/south-korea/,6,1769,0.34%,9.02
https://canitakethis.co/country/malaysia/plants-seeds/,6,183,3.28%,5.37
https://canitakethis.co/food/seychelles/,6,98,6.12%,5.11
https://canitakethis.co/country/philippines/plants-seeds/,5,1173,0.43%,8.71
https://canitakethis.co/food/taiwan/,5,1151,0.43%,9.45
https://canitakethis.co/country/egypt/tobacco/,5,985,0.51%,7.97
https://canitakethis.co/country/india/plants-seeds/,5,916,0.55%,8.26
https://canitakethis.co/country/thailand/plants-seeds/,5,405,1.23%,7.6
https://canitakethis.co/country/chile/,5,177,2.82%,9.35
https://canitakethis.co/country/saudi-arabia/plants-seeds/,5,161,3.11%,7.95
https://canitakethis.co/food/nepal/,5,154,3.25%,7
https://canitakethis.co/food/kenya/,5,116,4.31%,5.75
https://canitakethis.co/airline/kenya-airways/vape-e-cigarette/,5,106,4.72%,7.71
https://canitakethis.co/country/cambodia/plants-seeds/,5,48,10.42%,6.1
https://canitakethis.co/airline/sas/power-bank/,4,423,0.95%,8.43
https://canitakethis.co/airline/malaysia-airlines/liquids/,4,306,1.31%,17.6
https://canitakethis.co/food/romania/,4,287,1.39%,7.51
https://canitakethis.co/medication/into/norway/,4,148,2.7%,10.24
https://canitakethis.co/medication/into/fiji/,4,148,2.7%,11.18
https://canitakethis.co/food/morocco/,4,127,3.15%,7.57
https://canitakethis.co/food/bahrain/,4,122,3.28%,5.52
https://canitakethis.co/airline/air-india/vape-e-cigarette/,4,120,3.33%,11.62
https://canitakethis.co/airline/ethiopian-airlines/vape-e-cigarette/,4,118,3.39%,5.69
https://canitakethis.co/medication/into/portugal/,4,108,3.7%,14.02
https://canitakethis.co/country/ethiopia/alcohol/,4,98,4.08%,7.09
https://canitakethis.co/country/kenya/,4,70,5.71%,16.64
https://canitakethis.co/airline/arkia/power-bank/,4,48,8.33%,4.21
https://canitakethis.co/food/serbia/,4,48,8.33%,5.42
https://canitakethis.co/medication/ritalin/qatar/,4,39,10.26%,7.62
https://canitakethis.co/food/ethiopia/,4,37,10.81%,3.54
https://canitakethis.co/airline/ethiopian-airlines/liquids/,3,531,0.56%,7.47
https://canitakethis.co/airline/qantas/liquids/,3,478,0.63%,10.07
https://canitakethis.co/country/mexico/plants-seeds/,3,399,0.75%,8.78
https://canitakethis.co/country/israel/,3,318,0.94%,12.69
https://canitakethis.co/airline/icelandair/power-bank/,3,317,0.95%,8.73
https://canitakethis.co/airline/gulf-air/alcohol/,3,302,0.99%,8.51
https://canitakethis.co/food/malaysia/,3,233,1.29%,9.38
https://canitakethis.co/food/iceland/,3,175,1.71%,15.13
https://canitakethis.co/airline/air-china/perfume-aerosols/,3,173,1.73%,6.6
https://canitakethis.co/country/sweden/plants-seeds/,3,166,1.81%,8.35
https://canitakethis.co/country/oman/tobacco/,3,149,2.01%,10.07
https://canitakethis.co/airline/vietnam-airlines/vape-e-cigarette/,3,128,2.34%,11.4
https://canitakethis.co/food/israel/,3,127,2.36%,8.23
https://canitakethis.co/airline/egyptair/alcohol/,3,124,2.42%,10.53
https://canitakethis.co/country/italy/plants-seeds/,3,121,2.48%,6.36
https://canitakethis.co/airline/kenya-airways/power-bank/,3,104,2.88%,8.6
https://canitakethis.co/airline/royal-jordanian/power-bank/,3,100,3%,5
https://canitakethis.co/medication/tramadol/italy/,3,96,3.12%,7.15
https://canitakethis.co/airline/thai-airways/vape-e-cigarette/,3,80,3.75%,7.11
https://canitakethis.co/medication/into/turkey/,3,72,4.17%,23.01
https://canitakethis.co/airline/china-eastern/perfume-aerosols/,3,71,4.23%,16.24
https://canitakethis.co/medication/into/qatar/,3,64,4.69%,26.97
https://canitakethis.co/country/oman/plants-seeds/,3,57,5.26%,4.3
https://canitakethis.co/airline/ethiopian-airlines/alcohol/,3,57,5.26%,8.28
https://canitakethis.co/country/kenya/plants-seeds/,3,50,6%,7.38
https://canitakethis.co/country/seychelles/vaping/,3,31,9.68%,12.65
https://canitakethis.co/medication/sudafed/nepal/,3,12,25%,4
https://canitakethis.co/medication/adderall/slovenia/,3,12,25%,9
https://canitakethis.co/airline/royal-air-maroc/liquids/,2,373,0.54%,8.75
https://canitakethis.co/country/singapore/plants-seeds/,2,300,0.67%,9.03
https://canitakethis.co/airline/norwegian/liquids/,2,276,0.72%,9.71
https://canitakethis.co/country/germany/plants-seeds/,2,266,0.75%,9.4
https://canitakethis.co/airline/wizz-air/perfume-aerosols/,2,240,0.83%,10.25
https://canitakethis.co/airline/aegean/liquids/,2,222,0.9%,10.52
https://canitakethis.co/food/philippines/,2,210,0.95%,9.65
https://canitakethis.co/airline/pegasus/perfume-aerosols/,2,209,0.96%,6.81
https://canitakethis.co/country/portugal/alcohol/,2,191,1.05%,8.39
https://canitakethis.co/airline/aegean/power-bank/,2,189,1.06%,7.73
https://canitakethis.co/airline/thai-airways/alcohol/,2,180,1.11%,8.76
https://canitakethis.co/airline/malaysia-airlines/perfume-aerosols/,2,175,1.14%,12.03
https://canitakethis.co/country/peru/cash/,2,167,1.2%,8.06
https://canitakethis.co/food/indonesia/,2,163,1.23%,8.1
https://canitakethis.co/medication/into/oman/,2,140,1.43%,9.97
https://canitakethis.co/airline/air-china/alcohol/,2,136,1.47%,9.26
https://canitakethis.co/food/dominican-republic/,2,132,1.52%,8.38
https://canitakethis.co/medication/tramadol/turkey/,2,132,1.52%,9.22
https://canitakethis.co/medication/into/russia/,2,127,1.57%,8.25
https://canitakethis.co/airline/cathay-pacific/vape-e-cigarette/,2,117,1.71%,7.33
https://canitakethis.co/medication/into/south-korea/,2,107,1.87%,9.99
https://canitakethis.co/country/dominican-republic/plants-seeds/,2,102,1.96%,5.09
https://canitakethis.co/country/sri-lanka/plants-seeds/,2,95,2.11%,8.31
https://canitakethis.co/airline/korean-air/alcohol/,2,91,2.2%,9.99
https://canitakethis.co/medication/sudafed/ireland/,2,90,2.22%,7.84
https://canitakethis.co/country/romania/alcohol/,2,90,2.22%,8.04
https://canitakethis.co/medication/adderall/lebanon/,2,86,2.33%,7.95
https://canitakethis.co/food/maldives/,2,78,2.56%,6.17
https://canitakethis.co/country/portugal/plants-seeds/,2,77,2.6%,5.31
https://canitakethis.co/airline/norwegian/vape-e-cigarette/,2,73,2.74%,9.63
https://canitakethis.co/airline/sunexpress/vape-e-cigarette/,2,67,2.99%,6.75
https://canitakethis.co/country/maldives/alcohol/,2,65,3.08%,11.38
https://canitakethis.co/medication/into/kuwait/,2,64,3.12%,15.22
https://canitakethis.co/country/bahrain/cash/,2,62,3.23%,6.34
https://canitakethis.co/airline/united/alcohol/,2,59,3.39%,12.8
https://canitakethis.co/food/vietnam/,2,57,3.51%,10.86
https://canitakethis.co/food/oman/,2,53,3.77%,4.75
https://canitakethis.co/medication/tramadol/dominican-republic/,2,53,3.77%,9.06
https://canitakethis.co/airline/iberia/alcohol/,2,51,3.92%,7
https://canitakethis.co/food/argentina/,2,45,4.44%,8.13
https://canitakethis.co/airline/royal-jordanian/vape-e-cigarette/,2,44,4.55%,8.39
https://canitakethis.co/country/slovenia/alcohol/,2,44,4.55%,16.36
https://canitakethis.co/airline/lufthansa/perfume-aerosols/,2,43,4.65%,18.95
https://canitakethis.co/food/russia/,2,41,4.88%,7.37
https://canitakethis.co/medication/ritalin/peru/,2,40,5%,6.45
https://canitakethis.co/airline/air-france/vape-e-cigarette/,2,39,5.13%,9.26
https://canitakethis.co/country/argentina/,2,39,5.13%,12.49
https://canitakethis.co/airline/austrian/alcohol/,2,37,5.41%,17.54
https://canitakethis.co/country/jordan/plants-seeds/,2,36,5.56%,4.64
https://canitakethis.co/country/turkey/plants-seeds/,2,36,5.56%,6
https://canitakethis.co/country/jamaica/plants-seeds/,2,35,5.71%,11.11
https://canitakethis.co/country/lebanon/plants-seeds/,2,34,5.88%,3.85
https://canitakethis.co/country/hungary/plants-seeds/,2,31,6.45%,6.1
https://canitakethis.co/country/colombia/alcohol/,2,31,6.45%,7.1
https://canitakethis.co/country/peru/plants-seeds/,2,29,6.9%,4.79
https://canitakethis.co/medication/tramadol/south-africa/,2,28,7.14%,4.64
https://canitakethis.co/medication/ritalin/nepal/,2,25,8%,6.48
https://canitakethis.co/country/thailand/tobacco/,2,25,8%,18.12
https://canitakethis.co/airline/israir/power-bank/,2,24,8.33%,3.88
https://canitakethis.co/airline/el-al/alcohol/,2,23,8.7%,6.26
https://canitakethis.co/country/mauritius/vaping/,2,23,8.7%,24.13
https://canitakethis.co/medication/into/greece/,2,19,10.53%,7.16
https://canitakethis.co/country/hungary/,2,19,10.53%,15.37
https://canitakethis.co/country/colombia/plants-seeds/,2,16,12.5%,3.75
https://canitakethis.co/medication/sudafed/colombia/,2,15,13.33%,6.8
https://canitakethis.co/airline/sunexpress/alcohol/,2,13,15.38%,10.54
https://canitakethis.co/country/maldives/vaping/,2,13,15.38%,20.54
https://canitakethis.co/medication/sudafed/maldives/,2,12,16.67%,4.75
https://canitakethis.co/medication/codeine/saudi-arabia/,2,10,20%,9.8
https://canitakethis.co/medication/ritalin/vietnam/,2,10,20%,19.5
https://canitakethis.co/medication/into/serbia/,2,8,25%,10
https://canitakethis.co/airline/turkish-airlines/power-bank/,1,506,0.2%,9.96
https://canitakethis.co/airline/cathay-pacific/power-bank/,1,496,0.2%,9.98
https://canitakethis.co/airline/philippine-airlines/liquids/,1,426,0.23%,27.06
https://canitakethis.co/food/united-kingdom/,1,407,0.25%,12.67
https://canitakethis.co/airline/thai-airways/liquids/,1,393,0.25%,7.73
https://canitakethis.co/airline/cathay-pacific/liquids/,1,386,0.26%,7.61
https://canitakethis.co/airline/etihad-airways/alcohol/,1,294,0.34%,11.32
https://canitakethis.co/airline/qantas/vape-e-cigarette/,1,290,0.34%,7.86
https://canitakethis.co/airline/air-china/liquids/,1,253,0.4%,9.04
https://canitakethis.co/airline/austrian/liquids/,1,251,0.4%,9.55
https://canitakethis.co/airline/sunexpress/power-bank/,1,245,0.41%,7.38
https://canitakethis.co/food/chile/,1,244,0.41%,9.25
https://canitakethis.co/airline/ana/power-bank/,1,244,0.41%,9.89
https://canitakethis.co/country/turkey/tobacco/,1,241,0.41%,10.27
https://canitakethis.co/airline/air-arabia/perfume-aerosols/,1,236,0.42%,8.24
https://canitakethis.co/airline/egyptair/liquids/,1,226,0.44%,10.36
https://canitakethis.co/airline/china-eastern/liquids/,1,225,0.44%,10.05
https://canitakethis.co/country/romania/tobacco/,1,222,0.45%,11.73
https://canitakethis.co/airline/icelandair/baggage-allowance/,1,221,0.45%,46.81
https://canitakethis.co/airline/kuwait-airways/vape-e-cigarette/,1,217,0.46%,7.96
https://canitakethis.co/airline/air-france/power-bank/,1,208,0.48%,10.5
https://canitakethis.co/airline/lufthansa/alcohol/,1,206,0.49%,12.86
https://canitakethis.co/airline/malaysia-airlines/vape-e-cigarette/,1,204,0.49%,10.61
https://canitakethis.co/airline/china-southern/liquids/,1,192,0.52%,8.84
https://canitakethis.co/country/bulgaria/,1,189,0.53%,16.89
https://canitakethis.co/country/south-korea/cash/,1,177,0.56%,9.64
https://canitakethis.co/airline/royal-jordanian/liquids/,1,175,0.57%,7.3
https://canitakethis.co/airline/thai-airways/perfume-aerosols/,1,170,0.59%,8.14
https://canitakethis.co/airline/cathay-pacific/alcohol/,1,167,0.6%,8.23
https://canitakethis.co/airline/wizz-air/alcohol/,1,160,0.62%,9.44
https://canitakethis.co/country/ireland/plants-seeds/,1,157,0.64%,8.95
https://canitakethis.co/food/turkey/,1,157,0.64%,9.36
https://canitakethis.co/country/georgia/tobacco/,1,154,0.65%,8.06
https://canitakethis.co/country/mauritius/alcohol/,1,153,0.65%,13.42
https://canitakethis.co/medication/tramadol/thailand/,1,150,0.67%,9.27
https://canitakethis.co/airline/air-europa/power-bank/,1,148,0.68%,8.74
https://canitakethis.co/food/thailand/,1,145,0.69%,10.77
https://canitakethis.co/airline/turkish-airlines/vape-e-cigarette/,1,141,0.71%,8.37
https://canitakethis.co/airline/indigo/vape-e-cigarette/,1,139,0.72%,8.94
https://canitakethis.co/airline/gulf-air/power-bank/,1,138,0.72%,8.24
https://canitakethis.co/airline/ita-airways/liquids/,1,136,0.74%,9.08
https://canitakethis.co/airline/klm/alcohol/,1,134,0.75%,9.16
https://canitakethis.co/country/malaysia/cash/,1,133,0.75%,10.94
https://canitakethis.co/airline/flydubai/perfume-aerosols/,1,127,0.79%,8.09
https://canitakethis.co/medication/into/philippines/,1,126,0.79%,12.59
https://canitakethis.co/airline/air-china/vape-e-cigarette/,1,121,0.83%,8.02
https://canitakethis.co/country/france/,1,114,0.88%,36.04
https://canitakethis.co/airline/saudia/vape-e-cigarette/,1,113,0.88%,8.5
https://canitakethis.co/airline/air-arabia/alcohol/,1,113,0.88%,9.59
https://canitakethis.co/country/croatia/,1,113,0.88%,11.08
https://canitakethis.co/country/spain/,1,106,0.94%,44.63
https://canitakethis.co/airline/vietnam-airlines/perfume-aerosols/,1,103,0.97%,12.76
https://canitakethis.co/medication/sudafed/portugal/,1,102,0.98%,6.19
https://canitakethis.co/country/panama/alcohol/,1,98,1.02%,12.33
https://canitakethis.co/country/united-kingdom/tobacco/,1,97,1.03%,21.19
https://canitakethis.co/country/serbia/,1,96,1.04%,13.1
https://canitakethis.co/airline/royal-jordanian/alcohol/,1,95,1.05%,7.93
https://canitakethis.co/airline/qatar-airways/power-bank/,1,93,1.08%,16.25
https://canitakethis.co/food/south-africa/,1,92,1.09%,8.51
https://canitakethis.co/airline/wizz-air/vape-e-cigarette/,1,91,1.1%,8.96
https://canitakethis.co/medication/into/jamaica/,1,90,1.11%,17.5
https://canitakethis.co/country/mauritius/tobacco/,1,89,1.12%,12.2
https://canitakethis.co/country/croatia/plants-seeds/,1,86,1.16%,6.49
https://canitakethis.co/country/nepal/plants-seeds/,1,84,1.19%,7.06
https://canitakethis.co/airline/jetblue/liquids/,1,84,1.19%,19.8
https://canitakethis.co/country/turkey/alcohol/,1,83,1.2%,13.75
https://canitakethis.co/airline/aeromexico/power-bank/,1,82,1.22%,6.32
https://canitakethis.co/country/lithuania/alcohol/,1,81,1.23%,7.69
https://canitakethis.co/country/china/plants-seeds/,1,81,1.23%,7.89
https://canitakethis.co/airline/etihad-airways/power-bank/,1,81,1.23%,16.14
https://canitakethis.co/country/peru/tobacco/,1,80,1.25%,9.43
https://canitakethis.co/airline/lot-polish/alcohol/,1,79,1.27%,9.1
https://canitakethis.co/country/united-arab-emirates/plants-seeds/,1,78,1.28%,12.17
https://canitakethis.co/country/luxembourg/tobacco/,1,76,1.32%,22.49
https://canitakethis.co/airline/pegasus/alcohol/,1,75,1.33%,7.63
https://canitakethis.co/country/colombia/vaping/,1,73,1.37%,13.79
https://canitakethis.co/airline/ethiopian-airlines/perfume-aerosols/,1,71,1.41%,5.87
https://canitakethis.co/airline/kuwait-airways/power-bank/,1,71,1.41%,10.1
https://canitakethis.co/food/denmark/,1,70,1.43%,9.5
https://canitakethis.co/airline/eurowings/power-bank/,1,70,1.43%,40.3
https://canitakethis.co/food/bulgaria/,1,69,1.45%,7.86
https://canitakethis.co/country/brazil/alcohol/,1,68,1.47%,8.9
https://canitakethis.co/airline/china-eastern/vape-e-cigarette/,1,68,1.47%,16.41
https://canitakethis.co/country/dominican-republic/cash/,1,67,1.49%,9.6
https://canitakethis.co/airline/oman-air/liquids/,1,67,1.49%,9.78
https://canitakethis.co/country/philippines/alcohol/,1,66,1.52%,16.59
https://canitakethis.co/airline/lufthansa/vape-e-cigarette/,1,65,1.54%,8.43
https://canitakethis.co/food/hong-kong/,1,65,1.54%,10.17
https://canitakethis.co/country/bulgaria/plants-seeds/,1,62,1.61%,5.27
https://canitakethis.co/airline/lot-polish/vape-e-cigarette/,1,62,1.61%,6.98
https://canitakethis.co/airline/indigo/alcohol/,1,62,1.61%,22.21
https://canitakethis.co/country/brazil/vaping/,1,62,1.61%,34.02
https://canitakethis.co/medication/sudafed/peru/,1,61,1.64%,5.08
https://canitakethis.co/airline/egyptair/vape-e-cigarette/,1,59,1.69%,10.69
https://canitakethis.co/medication/into/spain/,1,59,1.69%,20.37
https://canitakethis.co/airline/royal-jordanian/perfume-aerosols/,1,58,1.72%,6.91
https://canitakethis.co/airline/eurowings/alcohol/,1,58,1.72%,8.71
https://canitakethis.co/airline/china-southern/perfume-aerosols/,1,58,1.72%,10.4
https://canitakethis.co/country/qatar/tobacco/,1,57,1.75%,16.3
https://canitakethis.co/food/peru/,1,56,1.79%,7.62
https://canitakethis.co/food/china/,1,56,1.79%,11.16
https://canitakethis.co/country/malaysia/vaping/,1,55,1.82%,13.09
https://canitakethis.co/medication/vicks-inhaler/mexico/,1,54,1.85%,7.61
https://canitakethis.co/medication/sudafed/turkey/,1,52,1.92%,6.65
https://canitakethis.co/medication/vicks-inhaler/united-arab-emirates/,1,52,1.92%,7.15
https://canitakethis.co/airline/malaysia-airlines/alcohol/,1,52,1.92%,25.48
https://canitakethis.co/airline/royal-air-maroc/power-bank/,1,51,1.96%,5.02
https://canitakethis.co/country/serbia/vaping/,1,51,1.96%,7.86
https://canitakethis.co/food/croatia/,1,51,1.96%,8.47
https://canitakethis.co/food/portugal/,1,51,1.96%,8.49
https://canitakethis.co/airline/royal-air-maroc/perfume-aerosols/,1,51,1.96%,8.9
https://canitakethis.co/country/romania/plants-seeds/,1,50,2%,5
https://canitakethis.co/country/vietnam/plants-seeds/,1,50,2%,7.56
https://canitakethis.co/medication/into/france/,1,50,2%,14.9
https://canitakethis.co/airline/british-airways/liquids/,1,49,2.04%,19.65
https://canitakethis.co/country/india/vaping/,1,49,2.04%,47.29
https://canitakethis.co/medication/sudafed/greece/,1,47,2.13%,8.17
https://canitakethis.co/country/greece/,1,46,2.17%,42.04
https://canitakethis.co/airline/norwegian/perfume-aerosols/,1,44,2.27%,17.61
https://canitakethis.co/medication/codeine/croatia/,1,43,2.33%,8.63
https://canitakethis.co/country/portugal/tobacco/,1,43,2.33%,13
https://canitakethis.co/medication/benadryl/united-states/,1,43,2.33%,34.4
https://canitakethis.co/airline/kenya-airways/perfume-aerosols/,1,42,2.38%,9.93
https://canitakethis.co/country/estonia/alcohol/,1,42,2.38%,10.62
https://canitakethis.co/medication/ritalin/south-africa/,1,41,2.44%,7.54
https://canitakethis.co/food/brazil/,1,41,2.44%,9.49
https://canitakethis.co/medication/codeine/dominican-republic/,1,40,2.5%,5.53
https://canitakethis.co/airline/pegasus/vape-e-cigarette/,1,39,2.56%,4.1
https://canitakethis.co/country/nigeria/plants-seeds/,1,39,2.56%,5.38
https://canitakethis.co/food/kuwait/,1,39,2.56%,5.41
https://canitakethis.co/airline/ryanair/alcohol/,1,39,2.56%,11.62
https://canitakethis.co/medication/codeine/peru/,1,38,2.63%,6.29
https://canitakethis.co/airline/asiana/alcohol/,1,38,2.63%,8.08
https://canitakethis.co/medication/tramadol/japan/,1,38,2.63%,9.74
https://canitakethis.co/airline/delta/power-bank/,1,38,2.63%,18.76
https://canitakethis.co/country/argentina/alcohol/,1,37,2.7%,10.46
https://canitakethis.co/medication/codeine/portugal/,1,36,2.78%,7.53
https://canitakethis.co/airline/aegean/alcohol/,1,36,2.78%,7.64
https://canitakethis.co/food/singapore/,1,36,2.78%,42.97
https://canitakethis.co/medication/vicks-inhaler/thailand/,1,34,2.94%,5.06
https://canitakethis.co/medication/ritalin/united-states/,1,34,2.94%,17.79
https://canitakethis.co/country/bahrain/plants-seeds/,1,33,3.03%,5.33
https://canitakethis.co/airline/iberia/vape-e-cigarette/,1,33,3.03%,7.03
https://canitakethis.co/airline/ita-airways/vape-e-cigarette/,1,32,3.12%,5.16
https://canitakethis.co/country/chile/vaping/,1,31,3.23%,8.39
https://canitakethis.co/airline/air-canada/alcohol/,1,31,3.23%,46.16
https://canitakethis.co/airline/copa-airlines/liquids/,1,30,3.33%,15.83
https://canitakethis.co/medication/into/bahrain/,1,30,3.33%,18.5
https://canitakethis.co/medication/vicks-inhaler/united-kingdom/,1,29,3.45%,7.21
https://canitakethis.co/medication/vicks-inhaler/canada/,1,28,3.57%,5.82
https://canitakethis.co/medication/codeine/iceland/,1,28,3.57%,7.68
https://canitakethis.co/country/belgium/plants-seeds/,1,28,3.57%,7.82
https://canitakethis.co/country/jordan/alcohol/,1,28,3.57%,9.14
https://canitakethis.co/food/jordan/,1,27,3.7%,7.59
https://canitakethis.co/food/finland/,1,27,3.7%,8.96
https://canitakethis.co/country/latvia/vaping/,1,26,3.85%,8.81
https://canitakethis.co/country/denmark/plants-seeds/,1,26,3.85%,11.88
https://canitakethis.co/country/sri-lanka/vaping/,1,26,3.85%,18.19
https://canitakethis.co/medication/codeine/luxembourg/,1,25,4%,10.84
https://canitakethis.co/medication/ritalin/egypt/,1,25,4%,12.32
https://canitakethis.co/medication/vicks-inhaler/south-korea/,1,24,4.17%,5.83
https://canitakethis.co/country/cuba/plants-seeds/,1,24,4.17%,6.17
https://canitakethis.co/medication/ritalin/cambodia/,1,22,4.55%,11.23
https://canitakethis.co/medication/into/malaysia/,1,21,4.76%,9.76
https://canitakethis.co/country/saudi-arabia/alcohol/,1,20,5%,17.15
https://canitakethis.co/airline/gol/power-bank/,1,19,5.26%,3.37
https://canitakethis.co/airline/oman-air/vape-e-cigarette/,1,18,5.56%,6.78
https://canitakethis.co/medication/into/romania/,1,18,5.56%,7.5
https://canitakethis.co/medication/benadryl/colombia/,1,18,5.56%,9.72
https://canitakethis.co/pets/turkey/,1,18,5.56%,68.67
https://canitakethis.co/country/lebanon/vaping/,1,17,5.88%,6.12
https://canitakethis.co/medication/adderall/nepal/,1,16,6.25%,5.31
https://canitakethis.co/medication/benadryl/greece/,1,16,6.25%,5.62
https://canitakethis.co/medication/sudafed/panama/,1,16,6.25%,6.38
https://canitakethis.co/country/slovenia/tobacco/,1,16,6.25%,7.81
https://canitakethis.co/country/ethiopia/plants-seeds/,1,15,6.67%,8.67
https://canitakethis.co/medication/vicks-inhaler/switzerland/,1,15,6.67%,9.53
https://canitakethis.co/airline/arkia/liquids/,1,15,6.67%,11.53
https://canitakethis.co/medication/codeine/maldives/,1,14,7.14%,4.43
https://canitakethis.co/country/ukraine/alcohol/,1,14,7.14%,8.14
https://canitakethis.co/country/qatar/vaping/,1,14,7.14%,44.29
https://canitakethis.co/airline/gol/vape-e-cigarette/,1,13,7.69%,8.31
https://canitakethis.co/country/fiji/plants-seeds/,1,13,7.69%,12.77
https://canitakethis.co/medication/codeine/taiwan/,1,12,8.33%,6.17
https://canitakethis.co/medication/ritalin/romania/,1,12,8.33%,6.17
https://canitakethis.co/medication/benadryl/china/,1,12,8.33%,6.5
https://canitakethis.co/medication/tramadol/china/,1,12,8.33%,8.58
https://canitakethis.co/medication/sudafed/luxembourg/,1,12,8.33%,11.33
https://canitakethis.co/medication/codeine/bahrain/,1,11,9.09%,4.09
https://canitakethis.co/medication/benadryl/georgia/,1,11,9.09%,4.82
https://canitakethis.co/medication/tramadol/cambodia/,1,11,9.09%,6.18
https://canitakethis.co/medication/into/brazil/,1,11,9.09%,6.73
https://canitakethis.co/airline/israir/liquids/,1,11,9.09%,10.82
https://canitakethis.co/country/kuwait/vaping/,1,11,9.09%,41.09
https://canitakethis.co/country/italy/vaping/,1,11,9.09%,41.45
https://canitakethis.co/medication/ritalin/serbia/,1,10,10%,5.9
https://canitakethis.co/country/dominican-republic/tobacco/,1,10,10%,9.3
https://canitakethis.co/medication/into/kenya/,1,10,10%,13.3
https://canitakethis.co/food/cuba/,1,10,10%,20.2
https://canitakethis.co/medication/ritalin/ethiopia/,1,9,11.11%,4.33
https://canitakethis.co/country/slovakia/plants-seeds/,1,9,11.11%,5.11
https://canitakethis.co/medication/tramadol/bahrain/,1,9,11.11%,5.67
https://canitakethis.co/medication/benadryl/romania/,1,9,11.11%,6.44
https://canitakethis.co/medication/ritalin/jordan/,1,9,11.11%,6.56
https://canitakethis.co/medication/adderall/jordan/,1,9,11.11%,7
https://canitakethis.co/airline/israir/perfume-aerosols/,1,9,11.11%,12.44
https://canitakethis.co/medication/benadryl/czechia/,1,8,12.5%,4.25
https://canitakethis.co/medication/tramadol/hong-kong/,1,8,12.5%,8.62
https://canitakethis.co/country/chile/tobacco/,1,8,12.5%,9.38
https://canitakethis.co/medication/into/maldives/,1,8,12.5%,11.12
https://canitakethis.co/medication/into/united-arab-emirates/,1,8,12.5%,60
https://canitakethis.co/country/lithuania/plants-seeds/,1,7,14.29%,4.29
https://canitakethis.co/medication/into/jordan/,1,7,14.29%,7.43
https://canitakethis.co/pets/jordan/,1,7,14.29%,30
https://canitakethis.co/medication/adderall/india/,1,7,14.29%,31
https://canitakethis.co/country/panama/vaping/,1,7,14.29%,36.71
https://canitakethis.co/medication/benadryl/luxembourg/,1,6,16.67%,2.83
https://canitakethis.co/medication/benadryl/taiwan/,1,6,16.67%,3.5
https://canitakethis.co/medication/sudafed/lithuania/,1,6,16.67%,4.83
https://canitakethis.co/airline/el-al/perfume-aerosols/,1,6,16.67%,6.67
https://canitakethis.co/medication/codeine/oman/,1,6,16.67%,9.83
https://canitakethis.co/medication/into/chile/,1,5,20%,5.4
https://canitakethis.co/medication/tramadol/france/,1,5,20%,11
https://canitakethis.co/contact/,1,4,25%,2.5
https://canitakethis.co/medication/adderall/saudi-arabia/,1,4,25%,5.5
https://canitakethis.co/medication/codeine/sri-lanka/,1,4,25%,7.25
https://canitakethis.co/medication/tramadol/romania/,1,4,25%,7.25
https://canitakethis.co/medication/tramadol/slovenia/,1,4,25%,8.5
https://canitakethis.co/medication/vicks-inhaler/bahrain/,1,4,25%,23.25
https://canitakethis.co/medication/ritalin/india/,1,4,25%,29.5
https://canitakethis.co/medication/tramadol/lebanon/,1,3,33.33%,3.33
https://canitakethis.co/medication/tramadol/chile/,1,3,33.33%,6.67
https://canitakethis.co/country/czechia/,1,3,33.33%,7
https://canitakethis.co/medication/adderall/brazil/,1,3,33.33%,18
https://canitakethis.co/airline/israir/vape-e-cigarette/,1,2,50%,3.5
https://canitakethis.co/country/belgium/tobacco/,1,2,50%,6.5
https://canitakethis.co/medication/into/lithuania/,1,2,50%,7.5
https://canitakethis.co/country/vietnam/,1,2,50%,29.5
https://canitakethis.co/medication/benadryl/lebanon/,1,1,100%,2
https://canitakethis.co/medication/ritalin/sweden/,1,1,100%,15
https://canitakethis.co/airline/wizz-air/baggage-allowance/,0,1038,0%,58.62
https://canitakethis.co/airline/air-new-zealand/baggage-allowance/,0,946,0%,55.58
https://canitakethis.co/country/egypt/,0,888,0%,56.25
https://canitakethis.co/airline/lufthansa/baggage-allowance/,0,807,0%,53.45
https://canitakethis.co/airline/singapore-airlines/baggage-allowance/,0,793,0%,57.19
https://canitakethis.co/airline/air-china/baggage-allowance/,0,739,0%,45.5
https://canitakethis.co/guides/power-banks/,0,707,0%,72.28
https://canitakethis.co/airline/china-southern/baggage-allowance/,0,657,0%,39.1
https://canitakethis.co/airline/virgin-australia/baggage-allowance/,0,572,0%,62.52
https://canitakethis.co/airline/singapore-airlines/liquids/,0,556,0%,62.27
https://canitakethis.co/country/bulgaria/tobacco/,0,416,0%,9.31
https://canitakethis.co/airline/china-eastern/power-bank/,0,415,0%,14.38
https://canitakethis.co/airline/qantas/perfume-aerosols/,0,389,0%,7.93
https://canitakethis.co/country/egypt/vaping/,0,384,0%,53.16
https://canitakethis.co/country/croatia/tobacco/,0,382,0%,8.97
https://canitakethis.co/airline/etihad-airways/baggage-allowance/,0,374,0%,65.45
https://canitakethis.co/airline/philippine-airlines/baggage-allowance/,0,356,0%,50.92
https://canitakethis.co/airline/air-india/liquids/,0,352,0%,54.81
https://canitakethis.co/country/united-kingdom/plants-seeds/,0,346,0%,10.36
https://canitakethis.co/country/poland/cash/,0,328,0%,9
https://canitakethis.co/airline/air-arabia/baggage-allowance/,0,327,0%,58.17
https://canitakethis.co/airline/china-eastern/baggage-allowance/,0,326,0%,26.58
https://canitakethis.co/airline/klm/power-bank/,0,325,0%,10.42
https://canitakethis.co/country/australia/,0,298,0%,45.7
https://canitakethis.co/airline/wizz-air/liquids/,0,277,0%,13.25
https://canitakethis.co/airline/aer-lingus/baggage-allowance/,0,272,0%,54.68
https://canitakethis.co/airline/latam/baggage-allowance/,0,270,0%,33.89
https://canitakethis.co/country/united-kingdom/alcohol/,0,264,0%,65.83
https://canitakethis.co/country/turkey/,0,263,0%,33.55
https://canitakethis.co/airline/philippine-airlines/perfume-aerosols/,0,259,0%,11.33
https://canitakethis.co/airline/latam/power-bank/,0,250,0%,8.5
https://canitakethis.co/airline/frontier/perfume-aerosols/,0,249,0%,8.51
https://canitakethis.co/airline/ethiopian-airlines/power-bank/,0,248,0%,8.34
https://canitakethis.co/airline/frontier/vape-e-cigarette/,0,247,0%,8.7
https://canitakethis.co/airline/easyjet/perfume-aerosols/,0,247,0%,10.77
https://canitakethis.co/airline/qantas/alcohol/,0,245,0%,9.84
https://canitakethis.co/airline/air-canada/baggage-allowance/,0,243,0%,55.36
https://canitakethis.co/airline/air-india/baggage-allowance/,0,239,0%,67.89
https://canitakethis.co/country/norway/tobacco/,0,238,0%,9.87
https://canitakethis.co/airline/sas/liquids/,0,233,0%,8.25
https://canitakethis.co/medication/benadryl/hungary/,0,232,0%,6.35
https://canitakethis.co/guides/,0,220,0%,85.45
https://canitakethis.co/airline/american-airlines/baggage-allowance/,0,217,0%,51.94
https://canitakethis.co/airline/austrian/power-bank/,0,210,0%,8.74
https://canitakethis.co/airline/aegean/baggage-allowance/,0,206,0%,52.6
https://canitakethis.co/airline/swiss/baggage-allowance/,0,205,0%,54.17
https://canitakethis.co/airline/jetblue/baggage-allowance/,0,199,0%,65.81
https://canitakethis.co/country/romania/cash/,0,196,0%,8.51
https://canitakethis.co/airline/turkish-airlines/liquids/,0,194,0%,9.04
https://canitakethis.co/airline/japan-airlines/baggage-allowance/,0,190,0%,46.72
https://canitakethis.co/airline/philippine-airlines/alcohol/,0,188,0%,13.2
https://canitakethis.co/country/united-kingdom/,0,188,0%,65.29
https://canitakethis.co/country/portugal/,0,182,0%,15.44
https://canitakethis.co/airline/norwegian/baggage-allowance/,0,182,0%,55.4
https://canitakethis.co/airline/icelandair/liquids/,0,178,0%,10.75
https://canitakethis.co/country/canada/plants-seeds/,0,176,0%,11.27
https://canitakethis.co/airline/lot-polish/power-bank/,0,175,0%,8.56
https://canitakethis.co/airline/malaysia-airlines/baggage-allowance/,0,174,0%,56.34
https://canitakethis.co/airline/klm/baggage-allowance/,0,173,0%,43.53
https://canitakethis.co/airline/korean-air/liquids/,0,170,0%,8.88
https://canitakethis.co/airline/ita-airways/power-bank/,0,169,0%,8.68
https://canitakethis.co/airline/iberia/power-bank/,0,168,0%,8.28
https://canitakethis.co/airline/aeromexico/baggage-allowance/,0,167,0%,32.61
https://canitakethis.co/airline/finnair/power-bank/,0,166,0%,10.78
https://canitakethis.co/airline/ryanair/perfume-aerosols/,0,163,0%,10.2
https://canitakethis.co/country/poland/plants-seeds/,0,160,0%,7.12
https://canitakethis.co/airline/vietnam-airlines/liquids/,0,160,0%,12.04
https://canitakethis.co/airline/emirates/power-bank/,0,160,0%,18.43
https://canitakethis.co/airline/frontier/baggage-allowance/,0,160,0%,61.04
https://canitakethis.co/country/hungary/alcohol/,0,159,0%,9.3
https://canitakethis.co/airline/el-al/baggage-allowance/,0,159,0%,34.76
https://canitakethis.co/airline/air-arabia/liquids/,0,157,0%,10.92
https://canitakethis.co/country/australia/alcohol/,0,155,0%,30.7
https://canitakethis.co/airline/arkia/baggage-allowance/,0,154,0%,12.22
https://canitakethis.co/airline/thai-airways/baggage-allowance/,0,154,0%,51.18
https://canitakethis.co/airline/tap-air-portugal/power-bank/,0,151,0%,7.79
https://canitakethis.co/airline/tap-air-portugal/liquids/,0,151,0%,9.24
https://canitakethis.co/airline/indigo/baggage-allowance/,0,151,0%,62.36
https://canitakethis.co/airline/cathay-pacific/perfume-aerosols/,0,148,0%,9.96
https://canitakethis.co/airline/qatar-airways/baggage-allowance/,0,148,0%,50.16
https://canitakethis.co/country/south-korea/plants-seeds/,0,147,0%,6.62
https://canitakethis.co/airline/wizz-air/power-bank/,0,147,0%,10.64
https://canitakethis.co/airline/easyjet/baggage-allowance/,0,147,0%,66.49
https://canitakethis.co/airline/wizz-air/,0,145,0%,56.43
https://canitakethis.co/country/poland/alcohol/,0,143,0%,11.1
https://canitakethis.co/airline/air-india/power-bank/,0,143,0%,69.55
https://canitakethis.co/airline/korean-air/baggage-allowance/,0,142,0%,48.51
https://canitakethis.co/airline/iberia/baggage-allowance/,0,141,0%,35.95
https://canitakethis.co/pets/new-zealand/,0,141,0%,72.18
https://canitakethis.co/airline/air-france/alcohol/,0,140,0%,10.34
https://canitakethis.co/airline/philippine-airlines/vape-e-cigarette/,0,140,0%,10.91
https://canitakethis.co/airline/cathay-pacific/,0,140,0%,26.49
https://canitakethis.co/airline/iberia/liquids/,0,139,0%,9.16
https://canitakethis.co/country/bahrain/alcohol/,0,138,0%,12.29
https://canitakethis.co/country/thailand/alcohol/,0,137,0%,12.54
https://canitakethis.co/airline/air-arabia/power-bank/,0,136,0%,9.26
https://canitakethis.co/airline/emirates/perfume-aerosols/,0,135,0%,13.86
https://canitakethis.co/airline/ryanair/liquids/,0,135,0%,44.74
https://canitakethis.co/country/bulgaria/cash/,0,134,0%,8.13
https://canitakethis.co/food/egypt/,0,133,0%,7.26
https://canitakethis.co/airline/singapore-airlines/power-bank/,0,133,0%,44.61
https://canitakethis.co/airline/lot-polish/liquids/,0,132,0%,8.61
https://canitakethis.co/country/israel/alcohol/,0,132,0%,8.83
https://canitakethis.co/country/switzerland/plants-seeds/,0,130,0%,8.35
https://canitakethis.co/airline/virgin-australia/alcohol/,0,129,0%,10.78
https://canitakethis.co/airline/virgin-australia/perfume-aerosols/,0,129,0%,14.78
https://canitakethis.co/country/peru/,0,129,0%,16.33
https://canitakethis.co/airline/copa-airlines/baggage-allowance/,0,129,0%,53.1
https://canitakethis.co/airline/ana/liquids/,0,128,0%,8.93
https://canitakethis.co/airline/air-new-zealand/liquids/,0,128,0%,29.48
https://canitakethis.co/airline/finnair/alcohol/,0,127,0%,8.28
https://canitakethis.co/airline/vietnam-airlines/baggage-allowance/,0,126,0%,49.07
https://canitakethis.co/airline/virgin-australia/vape-e-cigarette/,0,125,0%,10.09
https://canitakethis.co/airline/turkish-airlines/perfume-aerosols/,0,123,0%,9.64
https://canitakethis.co/airline/thai-airways/power-bank/,0,121,0%,14.13
https://canitakethis.co/medication/vicks-inhaler/japan/,0,120,0%,7.63
https://canitakethis.co/airline/klm/perfume-aerosols/,0,119,0%,6.33
https://canitakethis.co/airline/frontier/alcohol/,0,119,0%,10.65
https://canitakethis.co/airline/icelandair/alcohol/,0,117,0%,8.48
https://canitakethis.co/country/israel/cash/,0,116,0%,20.38
https://canitakethis.co/airline/turkish-airlines/baggage-allowance/,0,116,0%,59.66
https://canitakethis.co/airline/air-new-zealand/vape-e-cigarette/,0,114,0%,11.04
https://canitakethis.co/airline/delta/alcohol/,0,114,0%,11.33
https://canitakethis.co/country/singapore/alcohol/,0,114,0%,48.77
https://canitakethis.co/country/egypt/alcohol/,0,113,0%,11.05
https://canitakethis.co/airline/virgin-australia/liquids/,0,113,0%,13.14
https://canitakethis.co/airline/ita-airways/baggage-allowance/,0,113,0%,31.59
https://canitakethis.co/airline/eurowings/baggage-allowance/,0,113,0%,48.65
https://canitakethis.co/country/united-states/alcohol/,0,113,0%,58.13
https://canitakethis.co/country/taiwan/cash/,0,112,0%,10.86
https://canitakethis.co/medication/tramadol/spain/,0,110,0%,8.13
https://canitakethis.co/airline/qatar-airways/alcohol/,0,110,0%,28.12
https://canitakethis.co/airline/southwest/baggage-allowance/,0,110,0%,57.99
https://canitakethis.co/airline/aer-lingus/vape-e-cigarette/,0,108,0%,12.19
https://canitakethis.co/airline/aer-lingus/power-bank/,0,108,0%,16.71
https://canitakethis.co/airline/sas/baggage-allowance/,0,108,0%,38.27
https://canitakethis.co/airline/el-al/power-bank/,0,107,0%,9.04
https://canitakethis.co/airline/copa-airlines/power-bank/,0,106,0%,8.04
https://canitakethis.co/food/austria/,0,106,0%,9.38
https://canitakethis.co/country/fiji/alcohol/,0,106,0%,19.29
https://canitakethis.co/plane/vape-e-cigarette/,0,105,0%,64.82
https://canitakethis.co/country/italy/,0,104,0%,26.2
https://canitakethis.co/airline/vueling/power-bank/,0,103,0%,9.09
https://canitakethis.co/country/bulgaria/alcohol/,0,103,0%,10.62
https://canitakethis.co/country/turkey/cash/,0,103,0%,17.97
https://canitakethis.co/airline/alaska-airlines/baggage-allowance/,0,103,0%,55.95
https://canitakethis.co/airline/ryanair/vape-e-cigarette/,0,102,0%,12.45
https://canitakethis.co/country/lebanon/alcohol/,0,100,0%,10.22
https://canitakethis.co/airline/air-canada/power-bank/,0,100,0%,23.06
https://canitakethis.co/country/norway/cash/,0,98,0%,9.49
https://canitakethis.co/country/dominican-republic/alcohol/,0,98,0%,13.31
https://canitakethis.co/guides/vapes/,0,98,0%,63.88
https://canitakethis.co/country/portugal/cash/,0,97,0%,9.27
https://canitakethis.co/medication/into/czechia/,0,97,0%,10.24
https://canitakethis.co/airline/lot-polish/baggage-allowance/,0,97,0%,28.9
https://canitakethis.co/airline/avianca/power-bank/,0,96,0%,6.93
https://canitakethis.co/country/new-zealand/alcohol/,0,96,0%,28.09
https://canitakethis.co/airline/air-new-zealand/alcohol/,0,96,0%,28.84
https://canitakethis.co/country/sweden/cash/,0,95,0%,8.34
https://canitakethis.co/country/egypt/cash/,0,95,0%,10.06
https://canitakethis.co/country/indonesia/alcohol/,0,95,0%,11.81
https://canitakethis.co/airline/indigo/liquids/,0,95,0%,22.04
https://canitakethis.co/country/canada/cash/,0,94,0%,35.56
https://canitakethis.co/country/cambodia/alcohol/,0,93,0%,10.11
https://canitakethis.co/country/saudi-arabia/,0,92,0%,35.53
https://canitakethis.co/country/hong-kong/alcohol/,0,91,0%,14.63
https://canitakethis.co/food/fiji/,0,91,0%,15.67
https://canitakethis.co/airline/british-airways/baggage-allowance/,0,91,0%,78.77
https://canitakethis.co/food/india/,0,90,0%,8.64
https://canitakethis.co/country/spain/tobacco/,0,90,0%,15.73
https://canitakethis.co/airline/vueling/,0,90,0%,38.49
https://canitakethis.co/airline/tap-air-portugal/alcohol/,0,89,0%,7.38
https://canitakethis.co/airline/south-african-airways/liquids/,0,89,0%,9.67
https://canitakethis.co/pets/united-states/,0,89,0%,73.37
https://canitakethis.co/country/poland/tobacco/,0,87,0%,8.82
https://canitakethis.co/airline/asiana/power-bank/,0,87,0%,9.47
https://canitakethis.co/medication/into/germany/,0,86,0%,19.6
https://canitakethis.co/airline/saudia/baggage-allowance/,0,86,0%,51.17
https://canitakethis.co/airline/klm/vape-e-cigarette/,0,85,0%,7.56
https://canitakethis.co/country/jordan/cash/,0,84,0%,5.93
https://canitakethis.co/airline/flydubai/baggage-allowance/,0,84,0%,47.04
https://canitakethis.co/country/croatia/cash/,0,83,0%,9.23
https://canitakethis.co/airline/air-india/perfume-aerosols/,0,83,0%,60.41
https://canitakethis.co/country/estonia/,0,81,0%,9.69
https://canitakethis.co/country/mauritius/cash/,0,81,0%,14.79
https://canitakethis.co/medication/codeine/spain/,0,80,0%,10.99
https://canitakethis.co/airline/aer-lingus/liquids/,0,80,0%,18.93
https://canitakethis.co/food/sri-lanka/,0,79,0%,6.49
https://canitakethis.co/airline/oman-air/perfume-aerosols/,0,79,0%,8.47
https://canitakethis.co/airline/vueling/vape-e-cigarette/,0,79,0%,8.86
https://canitakethis.co/airline/finnair/liquids/,0,79,0%,12.05
https://canitakethis.co/airline/finnair/baggage-allowance/,0,79,0%,31.09
https://canitakethis.co/country/lithuania/cash/,0,78,0%,6.44
https://canitakethis.co/airline/brussels-airlines/power-bank/,0,78,0%,8.53
https://canitakethis.co/country/austria/cash/,0,78,0%,8.71
https://canitakethis.co/country/japan/plants-seeds/,0,78,0%,11.06
https://canitakethis.co/airline/china-southern/power-bank/,0,78,0%,25.51
https://canitakethis.co/airline/lufthansa/liquids/,0,78,0%,32.96
https://canitakethis.co/,0,77,0%,57.88
https://canitakethis.co/airline/latam/liquids/,0,76,0%,8.87
https://canitakethis.co/country/italy/alcohol/,0,76,0%,12.58
https://canitakethis.co/country/kuwait/alcohol/,0,76,0%,15.75
https://canitakethis.co/country/iceland/alcohol/,0,76,0%,18.87
https://canitakethis.co/airline/indigo/power-bank/,0,76,0%,23.76
https://canitakethis.co/airline/emirates/baggage-allowance/,0,76,0%,65.37
https://canitakethis.co/airline/sunexpress/liquids/,0,75,0%,6.6
https://canitakethis.co/airline/swiss/alcohol/,0,75,0%,12.11
https://canitakethis.co/airline/transavia/power-bank/,0,75,0%,13.49
https://canitakethis.co/country/morocco/alcohol/,0,75,0%,14.27
https://canitakethis.co/country/mexico/alcohol/,0,75,0%,17.88
https://canitakethis.co/country/cuba/vaping/,0,75,0%,24.85
https://canitakethis.co/airline/royal-air-maroc/baggage-allowance/,0,75,0%,42.43
https://canitakethis.co/pets/japan/,0,75,0%,73.88
https://canitakethis.co/medication/tramadol/portugal/,0,74,0%,5.8
https://canitakethis.co/airline/aer-lingus/alcohol/,0,74,0%,19.11
https://canitakethis.co/medication/sudafed/germany/,0,72,0%,7.62
https://canitakethis.co/country/russia/alcohol/,0,72,0%,9.51
https://canitakethis.co/country/morocco/tobacco/,0,72,0%,11.81
https://canitakethis.co/airline/oman-air/alcohol/,0,72,0%,13.79
https://canitakethis.co/country/south-korea/,0,72,0%,22.67
https://canitakethis.co/airline/southwest/alcohol/,0,72,0%,23.56
https://canitakethis.co/country/germany/,0,72,0%,37.31
https://canitakethis.co/airline/pegasus/liquids/,0,71,0%,7.87
https://canitakethis.co/country/lithuania/tobacco/,0,71,0%,8.21
https://canitakethis.co/airline/transavia/baggage-allowance/,0,71,0%,37.45
https://canitakethis.co/airline/asiana/,0,70,0%,24.7
https://canitakethis.co/airline/transavia/perfume-aerosols/,0,70,0%,38.43
https://canitakethis.co/airline/air-france/baggage-allowance/,0,70,0%,46.67
https://canitakethis.co/airline/singapore-airlines/,0,69,0%,59.7
https://canitakethis.co/pets/united-arab-emirates/,0,69,0%,76.75
https://canitakethis.co/medication/benadryl/spain/,0,68,0%,7.37
https://canitakethis.co/country/romania/vaping/,0,66,0%,11.83
https://canitakethis.co/airline/austrian/vape-e-cigarette/,0,66,0%,13.14
https://canitakethis.co/country/norway/alcohol/,0,66,0%,17.32
https://canitakethis.co/airline/emirates/alcohol/,0,66,0%,18.41
https://canitakethis.co/country/australia/tobacco/,0,66,0%,19.27
https://canitakethis.co/airline/oman-air/baggage-allowance/,0,66,0%,52.48
https://canitakethis.co/country/canada/,0,66,0%,54.17
https://canitakethis.co/airline/saudia/liquids/,0,65,0%,12.09
https://canitakethis.co/airline/tap-air-portugal/,0,65,0%,53.35
https://canitakethis.co/airline/air-arabia/vape-e-cigarette/,0,64,0%,6.03
https://canitakethis.co/medication/vicks-inhaler/australia/,0,64,0%,6.31
https://canitakethis.co/airline/austrian/perfume-aerosols/,0,64,0%,9.69
https://canitakethis.co/country/italy/tobacco/,0,64,0%,10.08
https://canitakethis.co/food/switzerland/,0,64,0%,10.84
https://canitakethis.co/country/south-africa/tobacco/,0,64,0%,10.94
https://canitakethis.co/country/south-africa/cash/,0,64,0%,19.03
https://canitakethis.co/airline/ethiopian-airlines/,0,63,0%,9.29
https://canitakethis.co/airline/oman-air/power-bank/,0,63,0%,9.79
https://canitakethis.co/airline/etihad-airways/vape-e-cigarette/,0,63,0%,10.13
https://canitakethis.co/pets/cyprus/,0,63,0%,68.92
https://canitakethis.co/country/south-africa/plants-seeds/,0,62,0%,8.5
https://canitakethis.co/airline/klm/liquids/,0,62,0%,8.81
https://canitakethis.co/airline/brussels-airlines/liquids/,0,62,0%,12.13
https://canitakethis.co/airline/vueling/alcohol/,0,62,0%,12.35
https://canitakethis.co/country/oman/alcohol/,0,62,0%,18.08
https://canitakethis.co/airline/korean-air/power-bank/,0,62,0%,18.9
https://canitakethis.co/airline/air-new-zealand/power-bank/,0,62,0%,37.74
https://canitakethis.co/airline/sunexpress/,0,62,0%,57.39
https://canitakethis.co/country/ethiopia/vaping/,0,61,0%,9.3
https://canitakethis.co/country/belgium/cash/,0,61,0%,16.9
https://canitakethis.co/country/taiwan/plants-seeds/,0,60,0%,6.75
https://canitakethis.co/food/malta/,0,60,0%,7.57
https://canitakethis.co/airline/emirates/vape-e-cigarette/,0,60,0%,18.88
https://canitakethis.co/country/spain/cash/,0,60,0%,26.28
https://canitakethis.co/country/cyprus/alcohol/,0,60,0%,30.37
https://canitakethis.co/airline/british-airways/perfume-aerosols/,0,59,0%,9.93
https://canitakethis.co/airline/brussels-airlines/alcohol/,0,59,0%,16.19
https://canitakethis.co/airline/kuwait-airways/baggage-allowance/,0,59,0%,47.76
https://canitakethis.co/country/australia/plants-seeds/,0,58,0%,17.74
https://canitakethis.co/country/france/alcohol/,0,58,0%,20.48
https://canitakethis.co/airline/singapore-airlines/perfume-aerosols/,0,58,0%,41.72
https://canitakethis.co/plane/lighter/,0,58,0%,60.38
https://canitakethis.co/country/finland/alcohol/,0,57,0%,10.56
https://canitakethis.co/country/taiwan/alcohol/,0,57,0%,10.63
https://canitakethis.co/airline/japan-airlines/power-bank/,0,57,0%,20.65
https://canitakethis.co/food/belgium/,0,56,0%,8.75
https://canitakethis.co/airline/flydubai/power-bank/,0,56,0%,9.32
https://canitakethis.co/country/sri-lanka/alcohol/,0,56,0%,20.77
https://canitakethis.co/airline/jetblue/alcohol/,0,56,0%,26.39
https://canitakethis.co/airline/avianca/liquids/,0,55,0%,10.05
https://canitakethis.co/airline/air-canada/perfume-aerosols/,0,55,0%,10.78
https://canitakethis.co/country/georgia/alcohol/,0,55,0%,10.96
https://canitakethis.co/airline/kuwait-airways/liquids/,0,55,0%,15.98
https://canitakethis.co/airline/royal-jordanian/baggage-allowance/,0,55,0%,46.05
https://canitakethis.co/airline/air-india/alcohol/,0,55,0%,65.07
https://canitakethis.co/airline/latam/alcohol/,0,54,0%,8.15
https://canitakethis.co/medication/ritalin/south-korea/,0,54,0%,9.37
https://canitakethis.co/airline/frontier/power-bank/,0,54,0%,11.98
https://canitakethis.co/country/ireland/alcohol/,0,54,0%,36.48
https://canitakethis.co/airline/virgin-australia/,0,54,0%,52.48
https://canitakethis.co/pets/thailand/,0,54,0%,69.41
https://canitakethis.co/food/qatar/,0,53,0%,6.38
https://canitakethis.co/country/lithuania/,0,53,0%,8.83
https://canitakethis.co/airline/jetblue/perfume-aerosols/,0,53,0%,9.92
https://canitakethis.co/medication/tramadol/united-states/,0,53,0%,10.49
https://canitakethis.co/country/bulgaria/vaping/,0,53,0%,14.36
https://canitakethis.co/country/nepal/vaping/,0,53,0%,15.68
https://canitakethis.co/country/norway/,0,53,0%,17.51
https://canitakethis.co/country/switzerland/,0,53,0%,47.23
https://canitakethis.co/food/cambodia/,0,52,0%,6.94
https://canitakethis.co/country/argentina/tobacco/,0,51,0%,8.67
https://canitakethis.co/airline/alaska-airlines/perfume-aerosols/,0,51,0%,11.61
https://canitakethis.co/country/georgia/cash/,0,51,0%,11.63
https://canitakethis.co/medication/codeine/united-states/,0,51,0%,12.69
https://canitakethis.co/airline/gulf-air/liquids/,0,51,0%,12.9
https://canitakethis.co/airline/vueling/perfume-aerosols/,0,51,0%,16.53
https://canitakethis.co/airline/qantas/baggage-allowance/,0,51,0%,41.37
https://canitakethis.co/airline/south-african-airways/baggage-allowance/,0,51,0%,55.84
https://canitakethis.co/plane/alcohol/,0,51,0%,67.73
https://canitakethis.co/medication/sudafed/spain/,0,50,0%,9.1
https://canitakethis.co/country/taiwan/tobacco/,0,50,0%,9.72
https://canitakethis.co/medication/ritalin/lebanon/,0,50,0%,10.64
https://canitakethis.co/airline/aegean/perfume-aerosols/,0,50,0%,10.74
https://canitakethis.co/country/ethiopia/,0,50,0%,13.74
https://canitakethis.co/country/belgium/,0,50,0%,13.88
https://canitakethis.co/country/new-zealand/tobacco/,0,50,0%,25.66
https://canitakethis.co/country/united-kingdom/cash/,0,50,0%,36.42
https://canitakethis.co/country/ireland/tobacco/,0,50,0%,37.74
https://canitakethis.co/pets/india/,0,50,0%,66.32
https://canitakethis.co/airline/aeromexico/liquids/,0,49,0%,14.45
https://canitakethis.co/medication/sudafed/united-kingdom/,0,49,0%,14.55
https://canitakethis.co/country/hungary/vaping/,0,49,0%,16.47
https://canitakethis.co/airline/ryanair/,0,49,0%,52.61
https://canitakethis.co/pets/ireland/,0,49,0%,58.47
https://canitakethis.co/airline/ryanair/baggage-allowance/,0,49,0%,79.12
https://canitakethis.co/country/bahrain/tobacco/,0,48,0%,9.81
https://canitakethis.co/airline/lufthansa/power-bank/,0,48,0%,14.9
https://canitakethis.co/country/qatar/,0,48,0%,38.5
https://canitakethis.co/country/serbia/alcohol/,0,47,0%,6.64
https://canitakethis.co/food/estonia/,0,47,0%,6.94
https://canitakethis.co/airline/swiss/vape-e-cigarette/,0,47,0%,7.36
https://canitakethis.co/airline/el-al/liquids/,0,47,0%,8.19
https://canitakethis.co/airline/air-france/perfume-aerosols/,0,47,0%,12.36
https://canitakethis.co/country/dominican-republic/,0,47,0%,12.57
https://canitakethis.co/airline/vietnam-airlines/alcohol/,0,47,0%,15.57
https://canitakethis.co/country/georgia/vaping/,0,47,0%,16.55
https://canitakethis.co/country/china/vaping/,0,47,0%,20.53
https://canitakethis.co/airline/swiss/liquids/,0,47,0%,32.83
https://canitakethis.co/airline/gulf-air/vape-e-cigarette/,0,46,0%,6.91
https://canitakethis.co/airline/china-southern/vape-e-cigarette/,0,46,0%,7
https://canitakethis.co/pets/vietnam/,0,46,0%,55.15
https://canitakethis.co/airline/copa-airlines/perfume-aerosols/,0,45,0%,6.8
https://canitakethis.co/airline/saudia/perfume-aerosols/,0,45,0%,10.04
https://canitakethis.co/country/denmark/alcohol/,0,45,0%,15.33
https://canitakethis.co/country/qatar/cash/,0,45,0%,16.62
https://canitakethis.co/country/thailand/vaping/,0,45,0%,32.69
https://canitakethis.co/airline/united/power-bank/,0,45,0%,40.91
https://canitakethis.co/pets/kenya/,0,45,0%,70.22
https://canitakethis.co/airline/kenya-airways/alcohol/,0,44,0%,14.7
https://canitakethis.co/country/germany/alcohol/,0,44,0%,17.57
https://canitakethis.co/country/costa-rica/alcohol/,0,44,0%,24.75
https://canitakethis.co/airline/saudia/alcohol/,0,44,0%,32.52
https://canitakethis.co/airline/delta/baggage-allowance/,0,44,0%,40.02
https://canitakethis.co/airline/sunexpress/baggage-allowance/,0,44,0%,42.8
https://canitakethis.co/pets/qatar/,0,44,0%,54.43
https://canitakethis.co/country/jordan/vaping/,0,43,0%,7.58
https://canitakethis.co/airline/gol/baggage-allowance/,0,43,0%,14.67
https://canitakethis.co/airline/japan-airlines/liquids/,0,43,0%,21.7
https://canitakethis.co/country/turkey/vaping/,0,43,0%,34.84
https://canitakethis.co/airline/egyptair/baggage-allowance/,0,43,0%,47.53
https://canitakethis.co/food/nigeria/,0,42,0%,6.55
https://canitakethis.co/food/cyprus/,0,42,0%,8.5
https://canitakethis.co/country/switzerland/tobacco/,0,42,0%,8.62
https://canitakethis.co/country/mauritius/plants-seeds/,0,42,0%,9.05
https://canitakethis.co/medication/codeine/turkey/,0,42,0%,9.38
https://canitakethis.co/country/ireland/vaping/,0,42,0%,33.81
https://canitakethis.co/country/south-africa/,0,42,0%,58.31
https://canitakethis.co/airline/gulf-air/perfume-aerosols/,0,41,0%,10.02
https://canitakethis.co/medication/benadryl/ireland/,0,41,0%,12.83
https://canitakethis.co/country/croatia/vaping/,0,41,0%,19.27
https://canitakethis.co/airline/china-southern/alcohol/,0,41,0%,24.8
https://canitakethis.co/airline/air-china/power-bank/,0,41,0%,50.27
https://canitakethis.co/food/georgia/,0,40,0%,8.6
https://canitakethis.co/country/argentina/cash/,0,40,0%,13.6
https://canitakethis.co/country/spain/alcohol/,0,40,0%,56.8
https://canitakethis.co/country/cyprus/plants-seeds/,0,39,0%,6.64
https://canitakethis.co/airline/asiana/liquids/,0,39,0%,7.62
https://canitakethis.co/country/finland/plants-seeds/,0,39,0%,8.49
https://canitakethis.co/airline/royal-air-maroc/alcohol/,0,39,0%,10.79
https://canitakethis.co/country/nigeria/cash/,0,39,0%,11.87
https://canitakethis.co/airline/swiss/perfume-aerosols/,0,39,0%,15.62
https://canitakethis.co/country/oman/cash/,0,39,0%,16.41
https://canitakethis.co/airline/norwegian/alcohol/,0,39,0%,17
https://canitakethis.co/country/china/alcohol/,0,39,0%,23.67
https://canitakethis.co/airline/cathay-pacific/baggage-allowance/,0,39,0%,31
https://canitakethis.co/pets/australia/,0,39,0%,76
https://canitakethis.co/country/nigeria/alcohol/,0,38,0%,7.45
https://canitakethis.co/medication/codeine/qatar/,0,38,0%,10.26
https://canitakethis.co/medication/ritalin/united-kingdom/,0,38,0%,12.45
https://canitakethis.co/country/austria/alcohol/,0,38,0%,15.84
https://canitakethis.co/airline/virgin-australia/power-bank/,0,38,0%,23.82
https://canitakethis.co/country/canada/tobacco/,0,38,0%,33.37
https://canitakethis.co/pets/saudi-arabia/,0,38,0%,44.53
https://canitakethis.co/airline/kenya-airways/baggage-allowance/,0,38,0%,63.32
https://canitakethis.co/airline/easyjet/alcohol/,0,37,0%,9.49
https://canitakethis.co/airline/british-airways/alcohol/,0,37,0%,18.19
https://canitakethis.co/country/thailand/,0,37,0%,35.35
https://canitakethis.co/airline/ryanair/power-bank/,0,37,0%,40.38
https://canitakethis.co/country/brazil/,0,37,0%,56.05
https://canitakethis.co/country/israel/tobacco/,0,36,0%,7.53
https://canitakethis.co/airline/transavia/vape-e-cigarette/,0,36,0%,8.36
https://canitakethis.co/medication/tramadol/norway/,0,36,0%,8.75
https://canitakethis.co/airline/flydubai/alcohol/,0,36,0%,11.17
https://canitakethis.co/airline/kuwait-airways/perfume-aerosols/,0,36,0%,12.89
https://canitakethis.co/country/luxembourg/alcohol/,0,36,0%,28.89
https://canitakethis.co/airline/japan-airlines/perfume-aerosols/,0,36,0%,29.31
https://canitakethis.co/airline/aegean/vape-e-cigarette/,0,35,0%,6.89
https://canitakethis.co/airline/tap-air-portugal/perfume-aerosols/,0,35,0%,7
https://canitakethis.co/airline/sas/perfume-aerosols/,0,35,0%,7.91
https://canitakethis.co/airline/tap-air-portugal/vape-e-cigarette/,0,35,0%,8.4
https://canitakethis.co/airline/united/vape-e-cigarette/,0,35,0%,8.71
https://canitakethis.co/country/malta/alcohol/,0,35,0%,8.89
https://canitakethis.co/country/south-korea/tobacco/,0,35,0%,11
https://canitakethis.co/country/saudi-arabia/vaping/,0,35,0%,11.86
https://canitakethis.co/country/united-arab-emirates/tobacco/,0,35,0%,12.74
https://canitakethis.co/medication/vicks-inhaler/united-states/,0,35,0%,14.17
https://canitakethis.co/airline/latam/perfume-aerosols/,0,35,0%,14.63
https://canitakethis.co/country/netherlands/alcohol/,0,35,0%,16.11
https://canitakethis.co/country/switzerland/alcohol/,0,35,0%,18.69
https://canitakethis.co/country/france/tobacco/,0,35,0%,21.6
https://canitakethis.co/country/greece/vaping/,0,35,0%,47.14
https://canitakethis.co/blog/is-deodorant-a-liquid-2026/,0,35,0%,58.06
https://canitakethis.co/airline/sas/vape-e-cigarette/,0,34,0%,7.88
https://canitakethis.co/country/serbia/cash/,0,34,0%,8.47
https://canitakethis.co/country/maldives/plants-seeds/,0,34,0%,8.62
https://canitakethis.co/pets/seychelles/,0,34,0%,8.71
https://canitakethis.co/airline/jetblue/vape-e-cigarette/,0,34,0%,8.88
https://canitakethis.co/country/sweden/,0,34,0%,18.53
https://canitakethis.co/airline/qatar-airways/liquids/,0,34,0%,21.88
https://canitakethis.co/pets/kuwait/,0,34,0%,29.79
https://canitakethis.co/airline/emirates/liquids/,0,34,0%,30.76
https://canitakethis.co/airline/british-airways/power-bank/,0,34,0%,58.56
https://canitakethis.co/medication/ritalin/malta/,0,33,0%,7.06
https://canitakethis.co/medication/sudafed/brazil/,0,33,0%,8.3
https://canitakethis.co/country/russia/,0,33,0%,11.85
https://canitakethis.co/medication/sudafed/united-states/,0,33,0%,13.64
https://canitakethis.co/airline/alaska-airlines/power-bank/,0,33,0%,13.85
https://canitakethis.co/airline/southwest/liquids/,0,33,0%,33.45
https://canitakethis.co/plane/sharp-objects/,0,33,0%,51.76
https://canitakethis.co/food/hungary/,0,32,0%,8.47
https://canitakethis.co/airline/saudia/power-bank/,0,32,0%,12.44
https://canitakethis.co/airline/air-france/liquids/,0,32,0%,20.97
https://canitakethis.co/airline/alaska-airlines/liquids/,0,32,0%,26.72
https://canitakethis.co/country/mexico/tobacco/,0,32,0%,32.91
https://canitakethis.co/pets/greece/,0,32,0%,44.09
https://canitakethis.co/country/united-arab-emirates/,0,32,0%,64.75
https://canitakethis.co/pets/united-kingdom/,0,32,0%,72.69
https://canitakethis.co/medication/benadryl/sweden/,0,31,0%,6.68
https://canitakethis.co/airline/aeromexico/alcohol/,0,31,0%,6.84
https://canitakethis.co/country/iceland/plants-seeds/,0,31,0%,6.97
https://canitakethis.co/medication/into/colombia/,0,31,0%,8.32
https://canitakethis.co/airline/ita-airways/perfume-aerosols/,0,31,0%,8.81
https://canitakethis.co/country/slovenia/vaping/,0,31,0%,9.32
https://canitakethis.co/medication/sudafed/italy/,0,31,0%,9.42
https://canitakethis.co/airline/south-african-airways/perfume-aerosols/,0,31,0%,10.03
https://canitakethis.co/country/kuwait/,0,31,0%,18.29
https://canitakethis.co/airline/air-new-zealand/perfume-aerosols/,0,31,0%,30.45
https://canitakethis.co/food/united-states/,0,31,0%,48.39
https://canitakethis.co/country/india/cash/,0,31,0%,52.87
https://canitakethis.co/pets/netherlands/,0,31,0%,66
https://canitakethis.co/food/lebanon/,0,30,0%,4.37
https://canitakethis.co/airline/asiana/vape-e-cigarette/,0,30,0%,6.27
https://canitakethis.co/country/czechia/cash/,0,30,0%,6.9
https://canitakethis.co/country/lithuania/vaping/,0,30,0%,7
https://canitakethis.co/food/italy/,0,30,0%,11.13
https://canitakethis.co/airline/china-eastern/alcohol/,0,30,0%,20.1
https://canitakethis.co/country/new-zealand/cash/,0,30,0%,28.03
https://canitakethis.co/airline/lufthansa/,0,30,0%,50.47
https://canitakethis.co/country/united-arab-emirates/alcohol/,0,30,0%,59.03
https://canitakethis.co/medication/sudafed/chile/,0,29,0%,8.03
https://canitakethis.co/country/estonia/cash/,0,29,0%,9.21
https://canitakethis.co/airline/lot-polish/perfume-aerosols/,0,29,0%,10.1
https://canitakethis.co/airline/ana/alcohol/,0,29,0%,10.69
https://canitakethis.co/airline/japan-airlines/alcohol/,0,29,0%,13.17
https://canitakethis.co/airline/jetblue/power-bank/,0,29,0%,17.41
https://canitakethis.co/medication/into/united-kingdom/,0,29,0%,35.93
https://canitakethis.co/medication/into/luxembourg/,0,28,0%,7.43
https://canitakethis.co/country/kenya/alcohol/,0,28,0%,9.25
https://canitakethis.co/airline/norwegian/power-bank/,0,28,0%,9.93
https://canitakethis.co/airline/egyptair/power-bank/,0,28,0%,10.25
https://canitakethis.co/country/malta/cash/,0,28,0%,12.04
https://canitakethis.co/airline/japan-airlines/vape-e-cigarette/,0,28,0%,14.68
https://canitakethis.co/food/mexico/,0,28,0%,31.07
https://canitakethis.co/airline/easyjet/liquids/,0,28,0%,38.54
https://canitakethis.co/pets/morocco/,0,28,0%,38.68
https://canitakethis.co/country/portugal/vaping/,0,28,0%,41.89
https://canitakethis.co/airline/air-canada/liquids/,0,28,0%,56.89
https://canitakethis.co/pets/south-africa/,0,28,0%,66.14
https://canitakethis.co/pets/croatia/,0,28,0%,77.29
https://canitakethis.co/airline/aeromexico/perfume-aerosols/,0,27,0%,5.96
https://canitakethis.co/airline/ita-airways/alcohol/,0,27,0%,7.52
https://canitakethis.co/food/jamaica/,0,27,0%,8.63
https://canitakethis.co/country/maldives/cash/,0,27,0%,9.81
https://canitakethis.co/country/sweden/alcohol/,0,27,0%,11.3
https://canitakethis.co/medication/into/sweden/,0,27,0%,15.74
https://canitakethis.co/country/costa-rica/tobacco/,0,27,0%,20.63
https://canitakethis.co/country/netherlands/cash/,0,27,0%,23.11
https://canitakethis.co/country/indonesia/vaping/,0,27,0%,23.15
https://canitakethis.co/airline/malaysia-airlines/power-bank/,0,27,0%,58.48
https://canitakethis.co/country/united-states/,0,27,0%,59.89
https://canitakethis.co/airline/eurowings/vape-e-cigarette/,0,26,0%,6.35
https://canitakethis.co/country/hong-kong/plants-seeds/,0,26,0%,6.96
https://canitakethis.co/country/colombia/tobacco/,0,26,0%,7.35
https://canitakethis.co/medication/sudafed/iceland/,0,26,0%,8.04
https://canitakethis.co/country/panama/tobacco/,0,26,0%,8.15
https://canitakethis.co/country/colombia/,0,26,0%,8.5
https://canitakethis.co/medication/benadryl/norway/,0,26,0%,9.96
https://canitakethis.co/food/germany/,0,26,0%,10.46
https://canitakethis.co/country/kenya/cash/,0,26,0%,25.19
https://canitakethis.co/country/costa-rica/,0,26,0%,34.85
https://canitakethis.co/airline/qatar-airways/,0,26,0%,45
https://canitakethis.co/pets/belgium/,0,26,0%,66.15
https://canitakethis.co/medication/sudafed/qatar/,0,25,0%,8.44
https://canitakethis.co/medication/sudafed/norway/,0,25,0%,8.72
https://canitakethis.co/medication/ritalin/spain/,0,25,0%,8.92
https://canitakethis.co/airline/israir/baggage-allowance/,0,25,0%,9.08
https://canitakethis.co/airline/delta/perfume-aerosols/,0,25,0%,9.28
https://canitakethis.co/airline/qatar-airways/perfume-aerosols/,0,25,0%,12.64
https://canitakethis.co/airline/iberia/,0,25,0%,13.12
https://canitakethis.co/country/cyprus/tobacco/,0,25,0%,16.08
https://canitakethis.co/pets/malaysia/,0,25,0%,47.52
https://canitakethis.co/country/cuba/,0,25,0%,57.24
https://canitakethis.co/plane/power-bank/,0,25,0%,66.2
https://canitakethis.co/airline/finnair/vape-e-cigarette/,0,24,0%,7.5
https://canitakethis.co/airline/finnair/perfume-aerosols/,0,24,0%,7.71
https://canitakethis.co/airline/avianca/perfume-aerosols/,0,24,0%,7.96
https://canitakethis.co/airline/brussels-airlines/vape-e-cigarette/,0,24,0%,8.42
https://canitakethis.co/airline/latam/vape-e-cigarette/,0,24,0%,8.62
https://canitakethis.co/food/panama/,0,24,0%,8.71
https://canitakethis.co/airline/swiss/power-bank/,0,24,0%,9.29
https://canitakethis.co/medication/benadryl/france/,0,24,0%,9.62
https://canitakethis.co/airline/sas/alcohol/,0,24,0%,10.29
https://canitakethis.co/airline/south-african-airways/vape-e-cigarette/,0,24,0%,10.79
https://canitakethis.co/airline/south-african-airways/alcohol/,0,24,0%,12.25
https://canitakethis.co/airline/singapore-airlines/vape-e-cigarette/,0,24,0%,14.04
https://canitakethis.co/country/czechia/tobacco/,0,24,0%,20.71
https://canitakethis.co/airline/azul/baggage-allowance/,0,24,0%,21
https://canitakethis.co/country/estonia/vaping/,0,24,0%,26.25
https://canitakethis.co/medication/tramadol/mexico/,0,24,0%,34.67
https://canitakethis.co/pets/hong-kong/,0,24,0%,70.46
https://canitakethis.co/pets/germany/,0,24,0%,80.79
https://canitakethis.co/medication/benadryl/indonesia/,0,23,0%,6.52
https://canitakethis.co/medication/ritalin/austria/,0,23,0%,7.22
https://canitakethis.co/country/georgia/,0,23,0%,8.04
https://canitakethis.co/medication/sudafed/belgium/,0,23,0%,8.13
https://canitakethis.co/airline/delta/vape-e-cigarette/,0,23,0%,8.74
https://canitakethis.co/country/new-zealand/plants-seeds/,0,23,0%,8.78
https://canitakethis.co/country/fiji/vaping/,0,23,0%,10.17
https://canitakethis.co/airline/american-airlines/alcohol/,0,23,0%,11.74
https://canitakethis.co/airline/southwest/vape-e-cigarette/,0,23,0%,11.78
https://canitakethis.co/airline/british-airways/vape-e-cigarette/,0,23,0%,12.48
https://canitakethis.co/medication/ritalin/thailand/,0,23,0%,15.09
https://canitakethis.co/pets/cuba/,0,23,0%,17.09
https://canitakethis.co/country/fiji/tobacco/,0,23,0%,23.43
https://canitakethis.co/country/ethiopia/cash/,0,23,0%,24.83
https://canitakethis.co/country/france/cash/,0,23,0%,29
https://canitakethis.co/airline/transavia/alcohol/,0,23,0%,34.57
https://canitakethis.co/airline/southwest/power-bank/,0,23,0%,50.65
https://canitakethis.co/pets/argentina/,0,23,0%,54.39
https://canitakethis.co/airline/oman-air/,0,23,0%,55.91
https://canitakethis.co/country/singapore/vaping/,0,23,0%,56.48
https://canitakethis.co/pets/switzerland/,0,23,0%,66.26
https://canitakethis.co/pets/brazil/,0,23,0%,76.52
https://canitakethis.co/country/peru/alcohol/,0,22,0%,7.91
https://canitakethis.co/medication/ritalin/taiwan/,0,22,0%,8.14
https://canitakethis.co/medication/ritalin/cyprus/,0,22,0%,9.23
https://canitakethis.co/airline/alaska-airlines/vape-e-cigarette/,0,22,0%,9.73
https://canitakethis.co/medication/codeine/thailand/,0,22,0%,9.77
https://canitakethis.co/medication/ritalin/sri-lanka/,0,22,0%,10.5
https://canitakethis.co/medication/codeine/india/,0,22,0%,11.5
https://canitakethis.co/medication/codeine/united-kingdom/,0,22,0%,11.73
https://canitakethis.co/airline/middle-east-airlines/power-bank/,0,22,0%,12.5
https://canitakethis.co/airline/ana/perfume-aerosols/,0,22,0%,12.59
https://canitakethis.co/country/russia/vaping/,0,22,0%,12.59
https://canitakethis.co/airline/eurowings/perfume-aerosols/,0,22,0%,21.09
https://canitakethis.co/airline/american-airlines/liquids/,0,22,0%,21.23
https://canitakethis.co/country/costa-rica/vaping/,0,22,0%,22.5
https://canitakethis.co/country/south-africa/vaping/,0,22,0%,30.27
https://canitakethis.co/airline/kuwait-airways/,0,22,0%,40.05
https://canitakethis.co/country/malta/plants-seeds/,0,21,0%,6.19
https://canitakethis.co/airline/copa-airlines/vape-e-cigarette/,0,21,0%,6.62
https://canitakethis.co/medication/benadryl/turkey/,0,21,0%,6.95
https://canitakethis.co/airline/iberia/perfume-aerosols/,0,21,0%,7.43
https://canitakethis.co/food/czechia/,0,21,0%,7.48
https://canitakethis.co/medication/codeine/jamaica/,0,21,0%,7.57
https://canitakethis.co/airline/ana/vape-e-cigarette/,0,21,0%,7.62
https://canitakethis.co/airline/eurowings/liquids/,0,21,0%,8.14
https://canitakethis.co/medication/benadryl/fiji/,0,21,0%,8.48
https://canitakethis.co/medication/benadryl/germany/,0,21,0%,8.67
https://canitakethis.co/food/greece/,0,21,0%,9.1
https://canitakethis.co/food/poland/,0,21,0%,9.95
https://canitakethis.co/food/spain/,0,21,0%,10.24
https://canitakethis.co/airline/turkish-airlines/alcohol/,0,21,0%,15.9
https://canitakethis.co/country/austria/,0,21,0%,21.62
https://canitakethis.co/pets/israel/,0,21,0%,38.38
https://canitakethis.co/country/united-states/plants-seeds/,0,21,0%,38.48
https://canitakethis.co/airline/austrian/,0,21,0%,41.24
https://canitakethis.co/airline/etihad-airways/perfume-aerosols/,0,21,0%,44.67
https://canitakethis.co/country/mauritius/,0,21,0%,45.81
https://canitakethis.co/medication/cbd-oil/japan/,0,21,0%,55.81
https://canitakethis.co/medication/sudafed/jamaica/,0,20,0%,5.05
https://canitakethis.co/medication/adderall/ethiopia/,0,20,0%,6.45
https://canitakethis.co/airline/flydubai/vape-e-cigarette/,0,20,0%,7.2
https://canitakethis.co/airline/middle-east-airlines/alcohol/,0,20,0%,8.25
https://canitakethis.co/medication/codeine/indonesia/,0,20,0%,9.15
https://canitakethis.co/food/france/,0,20,0%,9.8
https://canitakethis.co/medication/ritalin/united-arab-emirates/,0,20,0%,9.9
https://canitakethis.co/airline/klm/,0,20,0%,10.05
https://canitakethis.co/blog/banned-medications-by-country-2026/,0,20,0%,10.45
https://canitakethis.co/country/cuba/alcohol/,0,20,0%,18.35
https://canitakethis.co/country/morocco/,0,20,0%,21.95
https://canitakethis.co/country/singapore/cash/,0,20,0%,45.9
https://canitakethis.co/pets/norway/,0,20,0%,48.35
https://canitakethis.co/airline/transavia/liquids/,0,20,0%,56.45
https://canitakethis.co/pets/iceland/,0,20,0%,62.45
https://canitakethis.co/country/greece/plants-seeds/,0,19,0%,6.37
https://canitakethis.co/medication/vicks-inhaler/singapore/,0,19,0%,6.63
https://canitakethis.co/country/slovakia/vaping/,0,19,0%,7.21
https://canitakethis.co/country/ethiopia/tobacco/,0,19,0%,7.26